{"cameraMode":{"drawMode":0,"name":"Shaded","section":"Shading Mode"},"sceneLighting":false,"audioPlay":false,"sceneViewState":{"showFog":true,"showMaterialUpdate":false,"showSkybox":false,"showFlares":true,"showImageEffects":true,"showParticleSystems":true},"in2DMode":false,"pivot":{"x":0.0,"y":2.2799999713897707,"z":-1.1299999952316285},"rotation":{"x":-1.7322361145488686e-7,"y":4.38015405279657e-7,"z":0.000010097736776515376,"w":1.000014066696167},"size":0.6758698225021362,"orthographic":true}