{"cameraMode":{"drawMode":0,"name":"Shaded","section":"Shading Mode"},"sceneLighting":true,"audioPlay":false,"sceneViewState":{"showFog":true,"showMaterialUpdate":false,"showSkybox":true,"showFlares":true,"showImageEffects":true,"showParticleSystems":true},"in2DMode":false,"pivot":{"x":0.07297080755233765,"y":0.7505777478218079,"z":-0.27140897512435915},"rotation":{"x":-1.7322361145488686e-7,"y":4.38015405279657e-7,"z":0.000010097736776515376,"w":1.000014066696167},"size":6.607396125793457,"orthographic":true}